{"high_scores": [{"score": 20410, "name": "P4C"}, {"score": 12910, "name": "SPK"}, {"score": 12620, "name": "H4I"}, {"score": 9160, "name": "A"}, {"score": 7960, "name": "A"}, {"score": 7300, "name": "A"}, {"score": 7280, "name": "AAA"}, {"score": 7240, "name": "OLI"}, {"score": 6960, "name": "DAT"}, {"score": 6590, "name": "279"}, {"score": 6230, "name": "A"}, {"score": 6120, "name": "AAA"}, {"score": 5660, "name": "DA6"}, {"score": 5440, "name": "EAT"}, {"score": 5320, "name": "AAA"}, {"score": 4590, "name": "OLI"}, {"score": 4330, "name": "A"}, {"score": 4080, "name": "EAT"}, {"score": 4040, "name": "AAA"}, {"score": 3940, "name": "DAB"}, {"score": 3910, "name": "OLI"}, {"score": 3600, "name": "AAA"}, {"score": 3590, "name": "ICA"}, {"score": 3500, "name": "HAA"}, {"score": 3490, "name": "EAA"}, {"score": 3420, "name": "A"}, {"score": 3120, "name": "GAC"}, {"score": 3110, "name": "AAA"}, {"score": 3110, "name": "AAA"}, {"score": 3080, "name": "AAA"}]}