{
    "track_number": 5,
    "difficulty_level": "Hard",
    "wrenches":2,
    "background_filename": "Assets/SuperSprintTrack5.png",
    "mask_filename": "Assets/SuperSprintTrack5Mask.png",
    "overlay_filename": "Assets/SuperSprintTrack5Overlay.png",
    "thumbnail_filename": "Assets/SuperSprintTrack5ThumbNail.png",
    "finish_line_rect": [
        308,
        32,
        4,
        82
    ],
    "first_car_start_position": [
        308,
        41
    ],
    "flag_anchor": [
        321,
        14
    ],
    "road_gates_anchors": [
        [
            160,
            104
        ],
        [
            225,
            200
        ],
        [
            159,
            280
        ]
    ],
    "start_sprite_angle": 12,
    "score_time_reference": 8.6,
    "complete_lap_score": 80,
    "finish_line_direction": -1,
    "mandatory_gates": [
        31,
        45
    ],
    "external_borders": [
        [
            558,
            32,
            0
        ],
        [
            80,
            32,
            0
        ],
        [
            50,
            38,
            0
        ],
        [
            28,
            59,
            0
        ],
        [
            18,
            80,
            0
        ],
        [
            16,
            93,
            0
        ],
        [
            15,
            153,
            0
        ],
        [
            14,
            180,
            0
        ],
        [
            33,
            201,
            0
        ],
        [
            44,
            208,
            0
        ],
        [
            358,
            210,
            0
        ],
        [
            362,
            221,
            0
        ],
        [
            353,
            224,
            0
        ],
        [
            145,
            221,
            0
        ],
        [
            71,
            216,
            0
        ],
        [
            41,
            225,
            0
        ],
        [
            21,
            242,
            0
        ],
        [
            14,
            255,
            0
        ],
        [
            9,
            272,
            0
        ],
        [
            11,
            340,
            0
        ],
        [
            29,
            358,
            0
        ],
        [
            49,
            368,
            0
        ],
        [
            106,
            376,
            0
        ],
        [
            130,
            379,
            0
        ],
        [
            562,
            381,
            0
        ],
        [
            588,
            375,
            0
        ],
        [
            603,
            366,
            0
        ],
        [
            618,
            355,
            0
        ],
        [
            627,
            343,
            0
        ],
        [
            635,
            326,
            0
        ],
        [
            635,
            308,
            0
        ],
        [
            623,
            302,
            0
        ],
        [
            607,
            288,
            0
        ],
        [
            588,
            272,
            0
        ],
        [
            588,
            259,
            0
        ],
        [
            603,
            250,
            0
        ],
        [
            618,
            242,
            0
        ],
        [
            634,
            222,
            0
        ],
        [
            625,
            216,
            0
        ],
        [
            622,
            205,
            0
        ],
        [
            593,
            181,
            0
        ],
        [
            585,
            172,
            0
        ],
        [
            587,
            164,
            0
        ],
        [
            592,
            159,
            0
        ],
        [
            601,
            155,
            0
        ],
        [
            622,
            143,
            0
        ],
        [
            630,
            131,
            0
        ],
        [
            631,
            123,
            0
        ],
        [
            625,
            121,
            0
        ],
        [
            627,
            96,
            0
        ],
        [
            621,
            74,
            0
        ],
        [
            616,
            60,
            0
        ],
        [
            598,
            42,
            0
        ],
        [
            577,
            33,
            0
        ]
    ],
    "internal_borders": [
        [
            505,
            113,
            1
        ],
        [
            138,
            113,
            1
        ],
        [
            133,
            121,
            1
        ],
        [
            134,
            128,
            1
        ],
        [
            376,
            127,
            1
        ],
        [
            397,
            132,
            1
        ],
        [
            409,
            134,
            1
        ],
        [
            434,
            159,
            1
        ],
        [
            448,
            175,
            1
        ],
        [
            446,
            184,
            1
        ],
        [
            453,
            187,
            1
        ],
        [
            455,
            204,
            1
        ],
        [
            455,
            246,
            1
        ],
        [
            447,
            261,
            1
        ],
        [
            428,
            277,
            1
        ],
        [
            408,
            289,
            1
        ],
        [
            125,
            289,
            1
        ],
        [
            115,
            295,
            1
        ],
        [
            115,
            304,
            1
        ],
        [
            508,
            304,
            1
        ],
        [
            509,
            295,
            1
        ],
        [
            506,
            285,
            1
        ],
        [
            486,
            280,
            1
        ],
        [
            466,
            265,
            1
        ],
        [
            470,
            245,
            1
        ],
        [
            485,
            230,
            1
        ],
        [
            495,
            222,
            1
        ],
        [
            506,
            222,
            1
        ],
        [
            510,
            217,
            1
        ],
        [
            510,
            207,
            1
        ],
        [
            496,
            202,
            1
        ],
        [
            469,
            188,
            1
        ],
        [
            470,
            169,
            1
        ],
        [
            472,
            159,
            1
        ],
        [
            486,
            150,
            1
        ],
        [
            501,
            144,
            1
        ],
        [
            511,
            136,
            1
        ],
        [
            510,
            120,
            1
        ]
    ],
    "external_gate_points": [
        [
            327,
            32
        ],
        [
            315,
            32
        ],
        [
            295,
            32
        ],
        [
            176,
            32
        ],
        [
            80,
            32
        ],
        [
            30,
            58
        ],
        [
            14,
            92
        ],
        [
            14,
            156
        ],
        [
            53,
            205
        ],
        [
            135,
            209
        ],
        [
            175,
            209
        ],
        [
            175,
            209
        ],
        [
            184,
            210
        ],
        [
            320,
            207
        ],
        [
            358,
            208
        ],
        [
            363,
            214
        ],
        [
            364,
            221
        ],
        [
            358,
            224
        ],
        [
            322,
            223
        ],
        [
            240,
            225
        ],
        [
            230,
            225
        ],
        [
            172,
            222
        ],
        [
            146,
            220
        ],
        [
            72,
            218
        ],
        [
            19,
            240
        ],
        [
            9,
            288
        ],
        [
            11,
            339
        ],
        [
            60,
            371
        ],
        [
            121,
            378
        ],
        [
            172,
            378
        ],
        [
            246,
            379
        ],
        [
            350,
            380
        ],
        [
            429,
            380
        ],
        [
            514,
            330
        ],
        [
            539,
            329
        ],
        [
            544,
            317
        ],
        [
            543,
            300
        ],
        [
            546,
            267
        ],
        [
            553,
            240
        ],
        [
            569,
            212
        ],
        [
            569,
            170
        ],
        [
            586,
            114
        ],
        [
            586,
            76
        ],
        [
            561,
            44
        ],
        [
            519,
            31
        ],
        [
            452,
            32
        ],
        [
            421,
            32
        ],
        [
            368,
            32
        ]
    ],
    "internal_gate_points": [
        [
            327,
            113
        ],
        [
            315,
            113
        ],
        [
            295,
            113
        ],
        [
            176,
            113
        ],
        [
            139,
            116
        ],
        [
            135,
            119
        ],
        [
            135,
            124
        ],
        [
            136,
            125
        ],
        [
            136,
            127
        ],
        [
            146,
            130
        ],
        [
            175,
            130
        ],
        [
            257,
            130
        ],
        [
            263,
            132
        ],
        [
            322,
            127
        ],
        [
            393,
            130
        ],
        [
            444,
            171
        ],
        [
            449,
            258
        ],
        [
            407,
            289
        ],
        [
            322,
            288
        ],
        [
            325,
            290
        ],
        [
            315,
            290
        ],
        [
            171,
            289
        ],
        [
            145,
            288
        ],
        [
            124,
            288
        ],
        [
            120,
            291
        ],
        [
            117,
            295
        ],
        [
            119,
            300
        ],
        [
            123,
            302
        ],
        [
            131,
            303
        ],
        [
            172,
            303
        ],
        [
            253,
            303
        ],
        [
            351,
            305
        ],
        [
            431,
            306
        ],
        [
            507,
            300
        ],
        [
            507,
            300
        ],
        [
            507,
            300
        ],
        [
            507,
            300
        ],
        [
            503,
            267
        ],
        [
            503,
            240
        ],
        [
            513,
            212
        ],
        [
            513,
            170
        ],
        [
            514,
            121
        ],
        [
            515,
            119
        ],
        [
            515,
            116
        ],
        [
            512,
            114
        ],
        [
            452,
            113
        ],
        [
            421,
            113
        ],
        [
            368,
            113
        ]
    ],
    "secondary_internal_borders": [],
    "external_ai_gates_shortcuts": [
        [
            [
                2,
                11
            ],
            [
                258,
                30
            ],
            [
                138,
                130
            ]
        ],
        [
            [
                12,
                19
            ],
            [
                240,
                210
            ],
            [
                320,
                222
            ]
        ],
        [
            [
                20,
                30
            ],
            [
                254,
                222
            ],
            [
                169,
                306
            ],
            [
                199,
                336
            ]
        ]
    ],
    "internal_ai_gates_shortcuts": [
        [
            [
                2,
                11
            ],
            [
                258,
                116
            ],
            [
                253,
                130
            ]
        ],
        [
            [
                12,
                19
            ],
            [
                240,
                134
            ],
            [
                240,
                222
            ]
        ],
        [
            [
                20,
                30
            ],
            [
                254,
                265
            ],
            [
                252,
                306
            ],
            [
                267,
                336
            ]
        ]
    ]
}