{
    "track_number": 2,
    "difficulty_level": "Easy",
    "wrenches": 0,
    "background_filename": "Assets/SuperSprintTrack2.png",
    "mask_filename": "Assets/SuperSprintTrack2Mask.png",
    "upper_mask_filename": "Assets/SuperSprintTrack2UpperMask.png",
    "overlay_filename": "Assets/SuperSprintTrack2Overlay.png",
    "thumbnail_filename": "Assets/SuperSprintTrack2ThumbNail.png",
    "finish_line_rect": [
        436,
        319,
        4,
        52
    ],
    "first_car_start_position": [
        436,
        317
    ],
    "flag_anchor": [
        448,
        302
    ],
    "start_sprite_angle": 4,
    "score_time_reference": 10.5,
    "complete_lap_score": 100,
    "finish_line_direction": 1,
    "mandatory_gates": [
        8,
        9,
        10,
        11
    ],
    "ramp_gates": [
        [
            [
                8,
                9
            ],
            [
                9,
                10
            ],
            [
                10,
                11
            ]
        ]
    ],
    "external_borders": [
        [
            459,
            380,
            0
        ],
        [
            558,
            380,
            0
        ],
        [
            588,
            375,
            0
        ],
        [
            605,
            367,
            0
        ],
        [
            626,
            343,
            0
        ],
        [
            626,
            325,
            0
        ],
        [
            627,
            207,
            0
        ],
        [
            622,
            183,
            0
        ],
        [
            614,
            171,
            0
        ],
        [
            598,
            155,
            0
        ],
        [
            578,
            147,
            0
        ],
        [
            561,
            144,
            0
        ],
        [
            498,
            145,
            0
        ],
        [
            381,
            115,
            0
        ],
        [
            310,
            113,
            0
        ],
        [
            197,
            143,
            0
        ],
        [
            139,
            143,
            0
        ],
        [
            127,
            147,
            0
        ],
        [
            116,
            161,
            0
        ],
        [
            112,
            288,
            0
        ],
        [
            127,
            302,
            0
        ],
        [
            381,
            305,
            0
        ],
        [
            401,
            295,
            0
        ],
        [
            402,
            244,
            0
        ],
        [
            402,
            107,
            0
        ],
        [
            401,
            79,
            0
        ],
        [
            398,
            58,
            0
        ],
        [
            394,
            45,
            0
        ],
        [
            374,
            28,
            0
        ],
        [
            361,
            20,
            0
        ],
        [
            337,
            17,
            0
        ],
        [
            83,
            15,
            0
        ],
        [
            57,
            21,
            0
        ],
        [
            43,
            27,
            0
        ],
        [
            28,
            44,
            0
        ],
        [
            21,
            56,
            0
        ],
        [
            18,
            78,
            0
        ],
        [
            18,
            329,
            0
        ],
        [
            18,
            349,
            0
        ],
        [
            38,
            369,
            0
        ],
        [
            54,
            375,
            0
        ],
        [
            80,
            381,
            0
        ]
    ],
    "internal_borders": [
        [
            461,
            318,
            1
        ],
        [
            503,
            319,
            1
        ],
        [
            509,
            313,
            1
        ],
        [
            513,
            231,
            1
        ],
        [
            506,
            223,
            1
        ],
        [
            383,
            192,
            1
        ],
        [
            307,
            194,
            1
        ],
        [
            206,
            218,
            1
        ],
        [
            199,
            223,
            1
        ],
        [
            198,
            239,
            1
        ],
        [
            288,
            239,
            1
        ],
        [
            289,
            111,
            1
        ],
        [
            289,
            92,
            1
        ],
        [
            279,
            81,
            1
        ],
        [
            105,
            80,
            1
        ],
        [
            97,
            87,
            1
        ],
        [
            98,
            313,
            1
        ],
        [
            104,
            319,
            1
        ]
    ],
    "external_gate_points": [
        [
            462,
            380
        ],
        [
            558,
            380
        ],
        [
            605,
            367
        ],
        [
            627,
            329
        ],
        [
            626,
            206
        ],
        [
            616,
            176
        ],
        [
            576,
            145
        ],
        [
            558,
            145
        ],
        [
            496,
            144
        ],
        [
            378,
            116
        ],
        [
            311,
            112
        ],
        [
            199,
            143
        ],
        [
            136,
            145
        ],
        [
            113,
            162
        ],
        [
            112,
            219
        ],
        [
            112,
            287
        ],
        [
            136,
            307
        ],
        [
            192,
            307
        ],
        [
            264,
            304
        ],
        [
            334,
            305
        ],
        [
            385,
            305
        ],
        [
            401,
            278
        ],
        [
            402,
            233
        ],
        [
            358,
            111
        ],
        [
            401,
            76
        ],
        [
            381,
            33
        ],
        [
            341,
            16
        ],
        [
            270,
            16
        ],
        [
            85,
            16
        ],
        [
            35,
            34
        ],
        [
            19,
            78
        ],
        [
            18,
            148
        ],
        [
            16,
            222
        ],
        [
            17,
            328
        ],
        [
            30,
            362
        ],
        [
            80,
            380
        ],
        [
            190,
            380
        ],
        [
            261,
            380
        ],
        [
            335,
            380
        ],
        [
            389,
            381
        ]
    ],
    "internal_gate_points": [
        [
            465,
            319
        ],
        [
            503,
            318
        ],
        [
            514,
            310
        ],
        [
            515,
            299
        ],
        [
            515,
            254
        ],
        [
            515,
            237
        ],
        [
            514,
            227
        ],
        [
            508,
            224
        ],
        [
            501,
            223
        ],
        [
            382,
            195
        ],
        [
            312,
            194
        ],
        [
            208,
            218
        ],
        [
            206,
            220
        ],
        [
            203,
            224
        ],
        [
            203,
            229
        ],
        [
            204,
            235
        ],
        [
            207,
            236
        ],
        [
            211,
            237
        ],
        [
            266,
            237
        ],
        [
            288,
            237
        ],
        [
            290,
            236
        ],
        [
            291,
            233
        ],
        [
            293,
            230
        ],
        [
            292,
            109
        ],
        [
            291,
            92
        ],
        [
            289,
            86
        ],
        [
            283,
            82
        ],
        [
            273,
            82
        ],
        [
            109,
            80
        ],
        [
            103,
            85
        ],
        [
            102,
            91
        ],
        [
            101,
            143
        ],
        [
            101,
            219
        ],
        [
            100,
            307
        ],
        [
            101,
            318
        ],
        [
            110,
            320
        ],
        [
            193,
            320
        ],
        [
            268,
            320
        ],
        [
            340,
            319
        ],
        [
            391,
            319
        ]
    ],
    "secondary_internal_borders": []
}