{
    "track_number": 8,
    "difficulty_level": "Very Hard",
    "wrenches": 3,
    "background_filename": "Assets/SuperSprintTrack8.png",
    "mask_filename": "Assets/SuperSprintTrack8Mask.png",
    "upper_mask_filename": "Assets/SuperSprintTrack8UpperMask.png",
    "overlay_filename": "Assets/SuperSprintTrack8Overlay.png",
    "thumbnail_filename": "Assets/SuperSprintTrack8ThumbNail.png",
    "finish_line_rect": [
        244,
        334,
        4,
        62
    ],
    "first_car_start_position": [
        244,
        332
    ],
    "flag_anchor": [
        256,
        320
    ],
    "start_sprite_angle": 4,
    "score_time_reference": 28,
    "complete_lap_score": 100,
    "finish_line_direction": 1,
    "mandatory_gates": [
        3,
        14,
        28,
        47,
        57
    ],
    "road_gates_anchors": [
        [
            416,
            184
        ]
    ],
    "bridge_gates": [
        [
            [
                8,
                9,
                10,
                11,
                12,
                13,
                14
            ]
        ]
    ],
    "external_borders": [
        [
            257,
            396,
            0
        ],
        [
            558,
            397,
            0
        ],
        [
            587,
            393,
            0
        ],
        [
            604,
            385,
            0
        ],
        [
            624,
            363,
            0
        ],
        [
            627,
            335,
            0
        ],
        [
            619,
            305,
            0
        ],
        [
            598,
            282,
            0
        ],
        [
            562,
            272,
            0
        ],
        [
            383,
            263,
            0
        ],
        [
            381,
            136,
            0
        ],
        [
            379,
            124,
            0
        ],
        [
            385,
            119,
            0
        ],
        [
            585,
            133,
            0
        ],
        [
            605,
            127,
            0
        ],
        [
            627,
            102,
            0
        ],
        [
            628,
            78,
            0
        ],
        [
            617,
            46,
            0
        ],
        [
            597,
            27,
            0
        ],
        [
            578,
            18,
            0
        ],
        [
            561,
            18,
            0
        ],
        [
            288,
            16,
            0
        ],
        [
            265,
            21,
            0
        ],
        [
            253,
            25,
            0
        ],
        [
            235,
            45,
            0
        ],
        [
            226,
            65,
            0
        ],
        [
            224,
            78,
            0
        ],
        [
            226,
            175,
            0
        ],
        [
            241,
            192,
            0
        ],
        [
            430,
            194,
            0
        ],
        [
            547,
            193,
            0
        ],
        [
            554,
            202,
            0
        ],
        [
            551,
            207,
            0
        ],
        [
            515,
            207,
            0
        ],
        [
            194,
            209,
            0
        ],
        [
            195,
            79,
            0
        ],
        [
            191,
            57,
            0
        ],
        [
            182,
            43,
            0
        ],
        [
            164,
            26,
            0
        ],
        [
            146,
            18,
            0
        ],
        [
            131,
            17,
            0
        ],
        [
            80,
            17,
            0
        ],
        [
            55,
            20,
            0
        ],
        [
            47,
            25,
            0
        ],
        [
            25,
            47,
            0
        ],
        [
            19,
            63,
            0
        ],
        [
            16,
            76,
            0
        ],
        [
            16,
            360,
            0
        ],
        [
            40,
            386,
            0
        ],
        [
            77,
            396,
            0
        ]
    ],
    "internal_borders": [
        [
            254,
            336,
            1
        ],
        [
            542,
            336,
            1
        ],
        [
            546,
            329,
            1
        ],
        [
            539,
            322,
            1
        ],
        [
            328,
            308,
            1
        ],
        [
            320,
            306,
            1
        ],
        [
            314,
            297,
            1
        ],
        [
            310,
            287,
            1
        ],
        [
            306,
            120,
            1
        ],
        [
            317,
            93,
            1
        ],
        [
            323,
            83,
            1
        ],
        [
            348,
            74,
            1
        ],
        [
            547,
            81,
            1
        ],
        [
            555,
            75,
            1
        ],
        [
            550,
            67,
            1
        ],
        [
            364,
            64,
            1
        ],
        [
            339,
            68,
            1
        ],
        [
            292,
            68,
            1
        ],
        [
            290,
            145,
            1
        ],
        [
            563,
            144,
            1
        ],
        [
            598,
            154,
            1
        ],
        [
            616,
            172,
            1
        ],
        [
            625,
            192,
            1
        ],
        [
            624,
            231,
            1
        ],
        [
            602,
            256,
            1
        ],
        [
            585,
            261,
            1
        ],
        [
            153,
            258,
            1
        ],
        [
            128,
            238,
            1
        ],
        [
            128,
            91,
            1
        ],
        [
            122,
            83,
            1
        ],
        [
            91,
            83,
            1
        ],
        [
            82,
            89,
            1
        ],
        [
            81,
            207,
            1
        ],
        [
            208,
            336,
            1
        ]
    ],
    "external_gate_points": [
        [
            282,
            396
        ],
        [
            400,
            396
        ],
        [
            515,
            397
        ],
        [
            569,
            394
        ],
        [
            619,
            369
        ],
        [
            618,
            304
        ],
        [
            561,
            273
        ],
        [
            457,
            270
        ],
        [
            402,
            265
        ],
        [
            386,
            263
        ],
        [
            383,
            201
        ],
        [
            350,
            130
        ],
        [
            350,
            117
        ],
        [
            368,
            110
        ],
        [
            430,
            122
        ],
        [
            479,
            125
        ],
        [
            556,
            121
        ],
        [
            581,
            101
        ],
        [
            600,
            75
        ],
        [
            599,
            28
        ],
        [
            543,
            15
        ],
        [
            443,
            15
        ],
        [
            317,
            17
        ],
        [
            284,
            17
        ],
        [
            240,
            40
        ],
        [
            224,
            78
        ],
        [
            238,
            140
        ],
        [
            258,
            178
        ],
        [
            290,
            180
        ],
        [
            404,
            192
        ],
        [
            431,
            172
        ],
        [
            516,
            193
        ],
        [
            551,
            194
        ],
        [
            551,
            200
        ],
        [
            551,
            207
        ],
        [
            515,
            206
        ],
        [
            428,
            209
        ],
        [
            301,
            207
        ],
        [
            233,
            207
        ],
        [
            202,
            207
        ],
        [
            196,
            205
        ],
        [
            194,
            199
        ],
        [
            195,
            142
        ],
        [
            194,
            91
        ],
        [
            186,
            44
        ],
        [
            161,
            24
        ],
        [
            127,
            17
        ],
        [
            79,
            18
        ],
        [
            38,
            34
        ],
        [
            19,
            64
        ],
        [
            16,
            120
        ],
        [
            16,
            212
        ],
        [
            16,
            285
        ],
        [
            16,
            334
        ],
        [
            28,
            374
        ],
        [
            81,
            397
        ],
        [
            155,
            397
        ],
        [
            236,
            397
        ]
    ],
    "internal_gate_points": [
        [
            279,
            335
        ],
        [
            397,
            336
        ],
        [
            510,
            336
        ],
        [
            537,
            337
        ],
        [
            545,
            332
        ],
        [
            543,
            324
        ],
        [
            548,
            304
        ],
        [
            454,
            300
        ],
        [
            305,
            333
        ],
        [
            267,
            265
        ],
        [
            303,
            201
        ],
        [
            310,
            130
        ],
        [
            292,
            117
        ],
        [
            364,
            65
        ],
        [
            430,
            65
        ],
        [
            478,
            79
        ],
        [
            540,
            80
        ],
        [
            550,
            79
        ],
        [
            550,
            75
        ],
        [
            546,
            70
        ],
        [
            539,
            69
        ],
        [
            441,
            68
        ],
        [
            317,
            54
        ],
        [
            296,
            57
        ],
        [
            270,
            60
        ],
        [
            255,
            78
        ],
        [
            288,
            140
        ],
        [
            291,
            145
        ],
        [
            291,
            145
        ],
        [
            402,
            145
        ],
        [
            431,
            145
        ],
        [
            513,
            146
        ],
        [
            562,
            145
        ],
        [
            598,
            190
        ],
        [
            592,
            228
        ],
        [
            518,
            261
        ],
        [
            428,
            235
        ],
        [
            303,
            257
        ],
        [
            234,
            259
        ],
        [
            189,
            258
        ],
        [
            142,
            254
        ],
        [
            128,
            204
        ],
        [
            129,
            144
        ],
        [
            129,
            98
        ],
        [
            129,
            91
        ],
        [
            126,
            86
        ],
        [
            116,
            81
        ],
        [
            94,
            82
        ],
        [
            84,
            83
        ],
        [
            83,
            91
        ],
        [
            83,
            118
        ],
        [
            81,
            209
        ],
        [
            83,
            284
        ],
        [
            83,
            323
        ],
        [
            84,
            331
        ],
        [
            88,
            336
        ],
        [
            141,
            336
        ],
        [
            235,
            335
        ]
    ],
    "secondary_internal_borders": [
        [
            83,
            336,
            1
        ],
        [
            149,
            336,
            1
        ],
        [
            82,
            271,
            1
        ]
    ],
    "external_ai_gates_shortcuts": [
        [
            [
                29,
                36
            ],
            [
                429,
                195
            ],
            [
                430,
                207
            ]
        ]
    ],
    "internal_ai_gates_shortcuts": [
        [
            [
                29,
                36
            ],
            [
                429,
                141
            ],
            [
                515,
                207
            ]
        ]
    ]
}